"LD1","LD2"
-0.0660619738617612,-0.194069590593227
-0.721451294152814,0.106986523652108
0.562969321466236,0.384939719154708
0.16372706624172,0.176559122636868
0.140783666940728,-0.236710173863682
