"","orig.class","n","MeanLD1","SDLD1"
"1","POM",8,4.6548984692993,0.89966893046481
"2","Plants",10,-3.72391877543944,1.07156016624225
