"","Type","n","MeanLD1","SDLD1"
"1","POM",7,-4.88893833157143,1.08591462966358
"2","Terrestrial Plants",10,3.4222568322,0.93836361729244
