"phy.group","n","MeanLD1","SDLD1"
"Algae",9,-2.44013030872207,1.3506330061962
"POM",8,-2.21512225156449,0.755577754809709
"Plants",10,3.96821507910145,0.775316398184516
