"orig.class","n","MeanLD1","SDLD1"
"POM",8,4.6548984692993,0.899668930464811
"Plants",10,-3.72391877543943,1.07156016624225
